abc_xyz_segment,skus,revenue
AX,205,2397872.5800000005
CY,1035,347123.8700000003
BY,449,824838.1599999999
AZ,153,1299206.5300000005
CX,296,-175827.5769999998
BZ,266,446943.9200000003
BX,85,164665.89000000004
AY,418,3966068.8100000005
CZ,1158,308049.79999999993
